{
    "category": "ars_nouveau:getting_started",
    "icon": "ars_nouveau:archmage_spell_book",
    "name": "ars_nouveau.page.upgrades",
    "pages": [
        {
            "type": "patchouli:text",
            "text": "ars_nouveau.page1.upgrades"
        },
        {
            "type": "patchouli:relations",
            "entries": [
                "ars_nouveau:equipment/spell_books",
                "ars_nouveau:armor/armor"
            ]
        }
    ],
    "sortnum": 9
}