{
    "name": "4)纤晶石",
    "category": "ae2:getting_started",
    "icon": "ae2:quartz_cluster",
    "sortnum": 40,
    "pages": [
        {
            "type": "patchouli:text",
            "text": "$(thing)纤晶石$()是在$(l:ae2:getting_started/compass)陨石$(/l)中发现的神奇材料。它的生长方式与$(item)紫水晶$()类似，但大部分$(l:ae2:getting_started/certus#budding)芽生块$(/l)似乎会随时间而衰减。$(br2)它被用作许多$(thing)AE2$()配方的制作原料，可以用来制作$(l:ae2:equipment/quartz_tools)铁级工具$(/l)，被压成$(item)粉尘$()，用于装饰等。"
        },
        {
            "type": "patchouli:spotlight",
            "item": "ae2:quartz_cluster",
            "text": "$(thing)纤晶石$()的生长有3个$(thing)芽生$()阶段和一个完全成长的$(thing)簇$()阶段。在任何$(thing)芽生$()阶段断开它，只会掉落一个$(thing)纤晶石粉尘$()（没有$(item)时运$()效果）。在完全长成的$(thing)簇$()阶段打破纤晶石会掉落4颗$(thing)纤晶石晶体$()，这受$(item)时运$()效果影响。"
        },
        {
            "type": "patchouli:spotlight",
            "anchor": "budding",
            "item": "ae2:flawless_budding_quartz",
            "title": "芽生纤晶石",
            "text": "$(thing)芽生纤晶石$()分为4个等级。$(br2)最好的是$(thing)完美$()级别，它永远不会衰减，但只能在陨石中找到。$(br2)其余3个等级，按质量降序排列，分别是$(thing)有瑕疵$()、$(thing)少许瑕疵$()和$(thing)损坏$()。"
        },
        {
            "type": "patchouli:text",
            "text": "当$(thing)嫩芽$()方块生长出$(thing)纯晶石嫩芽$()时，它有几率降解到较低级别，$(thing)损坏$()会降解为普通的$(thing)纯晶石$()块。$(br2)方便的是，这些降解的$(thing)嫩芽方块$()可以通过将其中一个(或一块$(thing)纯晶石$()))和$(l:ae2:getting_started/charger)充能纯晶石$()一起扔进水池中来增加1级（最高为$(thing)有瑕疵$())。"
        },
        {
            "type": "patchouli:text",
            "text": "当正常破坏任何$(thing)纯晶石嫩芽$()时，它将变成普通的$(thing)纯晶石$()块。如果使用$(item)丝绸之触$()破坏，则$(thing)嫩芽方块$()将降解一级。如果你想在你的基地里有$(thing)无暇的纯晶石嫩芽$()，那么你需要另想办法移动它。"
        },
        {
            "type": "patchouli:crafting",
            "anchor": "cga",
            "recipe": "ae2:network/blocks/crystal_processing_quartz_growth_accelerator",
            "text": "$(thing)晶体生长加速器$()极大地提高了$(thing)纯晶石$()和紫水晶的生长速度。$(thing)CGAs$()被放置在根$(l:ae2:getting_started/certus#budding)嫩芽方块$()旁边。"
        },
        {
            "type": "patchouli:text",
            "text": "$(thing)CGAs$()需要能量才能运作。它们接受$(l:ae2:concepts/power)网络能源$(/l)或$(l:ae2:getting_started/crank)手摇曲柄$(/l)。它们不能接受$(item)外部能源$()。能量只能连接到$(thing)CGA$()的两个相对侧面。$(br2)$(thing)CGAs$()可以被$(l:ae2:equipment/wrench)旋转$(/l)。这只会影响能源的连接位置；相邻的$(thing)萌芽方块$()可以从$(thing)CGA$()的任何一侧进行$(thing)生长加速$()。此外，多个$(thing)CGAs$()可以同时加速一个$(thing)萌芽方块$()。"
        },
        {
            "type": "patchouli:image",
            "images": [
                "ae2:textures/patchouli/images/crystal_growth_accelerator_setup.png"
            ],
            "border": true,
            "title": "举例设置"
        }
    ]
}