{
    "name": "2) 陨石和指南针",
    "category": "ae2:getting_started",
    "icon": "ae2:meteorite_compass",
    "sortnum": 20,
    "extra_recipe_mappings": {
        "ae2:mysterious_cube": 0
    },
    "pages": [
        {
            "type": "patchouli:text",
            "text": "$(thing)陨石$()可散落在超界面表面。它们包含一些$(l:ae2:getting_started/certus)石英$()和一个中心的$(thing)神秘方块$()。它们也被包裹在大量的$(item)天空石$()中。$(br2)$(thing)神秘方块$()被打破时会掉落所有4个$(l:ae2:getting_started/inscriber)刻印版$(/l)。"
        },
        {
            "type": "patchouli:spotlight",
            "item": "ae2:meteorite_compass",
            "link_recipe": true,
            "text": "$(thing)陨石指南针$()是通过将普通指南针放在$(l:ae2:getting_started/charger)充能器$(/l)中制作的。$(br2)此$(thing)指南针$()指向其范围内最接近包含$(thing)神秘方块$()（因此包含陨石）的块。$(br2)缓慢旋转=无法在范围内找到任何$(thing)神秘方块$。"
        }
    ]
}