{
    "name": "木质曲柄",
    "category": "ae2:getting_started",
    "icon": "ae2:crank",
    "sortnum": 100,
    "pages": [
        {
            "type": "patchouli:text",
            "text": "$(thing)木质曲柄$()可用于手动操作$(l:ae2:getting_started/charger)充能器$(/l)、$(l:ae2:getting_started/inscriber)刻印机$(/l)和$(l:ae2:getting_started/certus#cga)水晶生长加速器$(/l)。$(br2)要将$(thing)曲柄$()放在$(thing)充能器$()上，请按住[$(k:sneak)]，然后按下[$(k:use)]。$(thing)木质曲柄$()只能放置在有效的能量输入侧面（通常是顶部或底部）。"
        },
        {
            "type": "patchouli:crafting",
            "recipe": "ae2:network/blocks/crank",
            "text": "每个回合生成$(l:ae2:concepts/power)160 AE$()。需要10个回合才能生成足够的能量制造一个项目。$(thing)充能器$()在过度使用时可能会损坏。"
        }
    ]
}