{
    "name": "3) Inscriber",
    "category": "ae2:getting_started",
    "icon": "ae2:inscriber",
    "sortnum": 30,
    "pages": [
        {
            "type": "patchouli:text",
            "text": "$(thing)Inscriber$()是AE2中常见的制作方法。它用于制作$(thing)Processors$()和某些$(thing)Dusts$()。$(br2)$(thing)Inscriber$()接受$(l:ae2:concepts/power)Network Power$(/l)、大多数外部电力形式，或可使用$(l:ae2:getting_started/crank)Wooden Crank$(/l)手动供电。$(br2)它是$(l:ae2:concepts/sided)Sided$(/l)的，并且可以用$(l:ae2:equipment/wrench)Rotated$(/l)。"
        },
        {
            "type": "patchouli:crafting",
            "recipe": "ae2:network/blocks/inscribers",
            "text": "默认方向的边界:$(li)顶部输入 = “顶部“ 边界$(li)中部输入 = “侧面“$(li)底部输入 = “底部“ 边界$(li)输出 = “侧面“$(br)侧面:北，东，南，西$(br2)输入槽中的物品不会叠加。"
        },
        {
            "type": "patchouli:text",
            "text": "$(thing)Inscriber$()有3个$(item)Card Upgrade$()槽，只接受$(l:ae2:misc/cards/acceleration)Acceleration Cards$(/l)。它们能显著提高处理速度。$(br2)你会希望自动化$(thing)Inscriber$()。一个早期的例子是使用$(item)Hoppers$()。由于$(thing)Inscriber$()的边界性和$(item)Hoppers$()的有限交互边界，你需要使用$(l:ae2:equipment/wrench)Quartz Wrench$(/l)旋转$(thing)Inscriber$()。"
        },
        {
            "type": "patchouli:image",
            "images": [
                "ae2:textures/patchouli/images/inscriber_setup.png"
            ],
            "border": true,
            "title": "半自动化的例子"
        },
        {
            "type": "patchouli:text",
            "title": "值得注意的配方",
            "text": "$(todo)<ToDo:Inscriber Recipe Processor. Please use JEI or REI for
ow>$()$(li)纸板电路和硅$(li)处理器$(li)Certus Quartz Dust$(li)Fluix Dust$(li)Ender Dust$(li)Sky Stone Dust$(li)复制Inscriber板$(br2)逻辑 = 金锭$(br)工程学 = 钻石$(br)计算 = Certus Quartz"
        }
    ]
}