{
    "name": "裂变概述",
    "icon": "alchemistry:fission_chamber_controller",
    "category": "alchemistry:reactor_category",
    "sortnum": 1,
    "pages": [
        {
            "type": "text",
            "text": "裂变反应堆允许你分离元素的基本组成部分。除了氢元素外，所有元素都可以通过裂变多方块结构进行分离。请查看 JEI 获取配方。$(br2)$(o)根据 Warren 教授的笔记:从易燃烧怪物掉落的棒启发我制造了一台新机器。$()$(br2)裂变反应堆是一个 5x5x5 的立方体结构，拥有一个天花板，地板和角柱反应堆外壳，中心有三个裂变核心块。墙壁填充有反应堆外壳或反应堆玻璃。该反应堆本质上是不活跃的，但是需要裂变室控制器、能量输入和物品输入/输出块才能发挥作用。"
        },
        {
            "type": "crafting",
            "recipe": "alchemistry:fission_chamber_controller",
            "text": "虽然不是核心，但控制器是裂变反应堆的心脏。这台机器控制核心中发生的一切。它需要能量供应，并可具有物品输入和输出。"
        },
        {
            "type": "crafting",
            "recipe": "alchemistry:fission_core",
            "text": "核心和其周围的空气是发生裂变的地方。将物品放入核心中，然后将原子分裂，留下可以在实验中使用的元素。"
        }
    ]
}