{
    "name": "聚变概述",
    "icon": "alchemistry:fusion_chamber_controller",
    "category": "alchemistry:reactor_category",
    "sortnum": 3,
    "pages": [
        {
            "type": "text",
            "text": "核聚变反应堆可以将两种元素融合在一起，以创建新的元素。输出元素取决于两种输入元素的原子序数之和。查看JEI获取配方。$(br2)$(o)根据Warren教授的笔记，核聚变需要使用恒星和仅在下界深处发现的某些元素。通过对裂变反应堆零件进行略微修改，我制造出一台更强大的反应堆，能够将两种元素与其原子数之和熔合为一体。通过精细的裂变和聚变，我现在能够将任何元素转变成任何其他元素。"
        },
        {
            "type": "crafting",
            "recipe": "alchemistry:fusion_chamber_controller",
            "text": "聚变室控制着元素碰撞的过程。它需要能量，并且可以有物品输入和输出。"
        },
        {
            "type": "crafting",
            "recipe": "alchemistry:fusion_core",
            "text": "融合室是两种元素合二为一的场所，在反应堆内部和周围的空气中发生。将物品放置在核心内部并以高速撞击相互融合，产生更大的元素，以供进行其他实验。"
        }
    ]
}