{
    "name": "区块控制器",
    "icon": "advancedperipherals:chunk_controller",
    "category": "advancedperipherals:items",
    "pages": [
        {
            "type": "text",
            "text": "区块控制器是制作区块加载龟的制作材料。$(p)与龟或高级龟相结合，使其具有区块加载功能。$(p)有关完整文档，请查看$(9)$(l:https://docs.intelligence-modding.de/items/chunk_controller/)官方维基页面$(/l)$()！"
        },
        {
            "type": "crafting",
            "recipe": "advancedperipherals:chunk_controller"
        }
    ]
}