{
    "name": "内存卡",
    "icon": "advancedperipherals:memory_card",
    "category": "advancedperipherals:items",
    "pages": [
        {
            "type": "text",
            "text": "$(9)$(l:items/ar_goggles)AR眼镜$(/l)$()可以与$(9)$(l:peripherals/inventory_manager)库存管理器$(/l)$()结合使用，与玩家的库存进行通信。$(p)手持内存卡右键单击将其分配给自己。$(p)有关完整文档，请查看$(9)$(l:https://docs.intelligence-modding.de/items/ar_goggles/)官方维基页面$(/l)$()！"
        },
        {
            "type": "crafting",
            "recipe": "advancedperipherals:memory_card"
        }
    ]
}