{
    "name": "聊天框",
    "icon": "advancedperipherals:chat_box",
    "category": "advancedperipherals:peripherals",
    "pages": [
        {
            "type": "text",
            "text": "聊天框外围设备允许您通过发送和接收消息与游戏聊天进行交互。$(p)您甚至可以通过在消息前加上“$“来发送仅对聊天框可见的消息。$(p)有关完整的文档，请参阅$(9)$(l:https://docs.intelligence-modding.de/peripherals/chat_box/)官方维基页面$(/l)$()！"
        },
        {
            "type": "crafting",
            "recipe": "advancedperipherals:chat_box"
        },
        {
            "type": "multiblock",
            "multiblock": {
                "mapping": {
                    "0": "computercraft:computer_advanced",
                    "P": "advancedperipherals:chat_box"
                },
                "pattern": [
                    [
                        "0P"
                    ]
                ]
            },
            "text": "将聊天框连接到计算机以使用它！"
        }
    ]
}