{
    "name": "殖民地整合器",
    "icon": "advancedperipherals:colony_integrator",
    "category": "advancedperipherals:peripherals",
    "pages": [
        {
            "type": "text",
            "text": "殖民地整合器可与MineColonies的殖民地进行交互。$(p)有关完整的文档，请参阅$(9)$(l:https://docs.intelligence-modding.de/peripherals/colony_integrator/)官方维基页面$(/l)$()！"
        },
        {
            "type": "crafting",
            "recipe": "advancedperipherals:colony_integrator"
        },
        {
            "type": "multiblock",
            "multiblock": {
                "mapping": {
                    "0": "computercraft:computer_advanced",
                    "P": "advancedperipherals:colony_integrator"
                },
                "pattern": [
                    [
                        "0P"
                    ]
                ]
            },
            "text": "将殖民地整合器连接到村庄区域内的计算机以使用它！"
        }
    ]
}