{
    "name": "能源检测器",
    "icon": "advancedperipherals:energy_detector",
    "category": "advancedperipherals:peripherals",
    "pages": [
        {
            "type": "text",
            "text": "能源检测器可以检测能量流并充当电阻器。您可以定义最大流速，以将其用作电阻器。$(p)有关完整的文档，请参阅$(9)$(l:https://docs.intelligence-modding.de/peripherals/energy_detector/)官方维基页面$(/l)$()！"
        },
        {
            "type": "crafting",
            "recipe": "advancedperipherals:energy_detector"
        },
        {
            "type": "multiblock",
            "multiblock": {
                "mapping": {
                    "0": "computercraft:computer_advanced",
                    "P": "advancedperipherals:energy_detector"
                },
                "pattern": [
                    [
                        "0P"
                    ]
                ]
            },
            "text": "将能源检测器连接到计算机以使用它！"
        }
    ]
}