{
    "name": "NBT存储",
    "icon": "advancedperipherals:nbt_storage",
    "category": "advancedperipherals:peripherals",
    "pages": [
        {
            "type": "text",
            "text": "NBT存储是一种自定义块，允许输入/输出自定义数据到块中。主要用于ID支持。$(p)有关完整文档，请参见$(9)$(l:https://docs.intelligence-modding.de/peripherals/nbt_storage/)官方维基页面$(/l)$()！"
        },
        {
            "type": "crafting",
            "recipe": "advancedperipherals:nbt_storage"
        },
        {
            "type": "multiblock",
            "multiblock": {
                "mapping": {
                    "0": "computercraft:computer_advanced",
                    "P": "advancedperipherals:nbt_storage"
                },
                "pattern": [
                    [
                        "0P"
                    ]
                ]
            },
            "text": "连接您的NBT存储到电脑上以使用它！"
        }
    ]
}