{
    "category": "ars_nouveau:enchantments",
    "icon": "minecraft:enchanted_book",
    "name": "enchantment.minecraft.efficiency",
    "pages": [
        {
            "type": "ars_nouveau:enchanting_recipe",
            "recipe": "ars_nouveau:efficiency_1"
        },
        {
            "type": "ars_nouveau:enchanting_recipe",
            "recipe": "ars_nouveau:efficiency_2"
        },
        {
            "type": "ars_nouveau:enchanting_recipe",
            "recipe": "ars_nouveau:efficiency_3"
        },
        {
            "type": "ars_nouveau:enchanting_recipe",
            "recipe": "ars_nouveau:efficiency_4"
        },
        {
            "type": "ars_nouveau:enchanting_recipe",
            "recipe": "ars_nouveau:efficiency_5"
        }
    ]
}