{
    "category": "ars_nouveau:enchantments",
    "icon": "minecraft:enchanted_book",
    "name": "enchantment.minecraft.sharpness",
    "pages": [
        {
            "type": "ars_nouveau:enchanting_recipe",
            "recipe": "ars_nouveau:sharpness_1"
        },
        {
            "type": "ars_nouveau:enchanting_recipe",
            "recipe": "ars_nouveau:sharpness_2"
        },
        {
            "type": "ars_nouveau:enchanting_recipe",
            "recipe": "ars_nouveau:sharpness_3"
        },
        {
            "type": "ars_nouveau:enchanting_recipe",
            "recipe": "ars_nouveau:sharpness_4"
        },
        {
            "type": "ars_nouveau:enchanting_recipe",
            "recipe": "ars_nouveau:sharpness_5"
        }
    ]
}