{
    "category": "ars_nouveau:machines",
    "icon": "ars_nouveau:potion_jar",
    "name": "block.ars_nouveau.potion_jar",
    "pages": [
        {
            "type": "patchouli:text",
            "text": "ars_nouveau.page.potion_jar"
        },
        {
            "type": "patchouli:crafting",
            "recipe": "ars_nouveau:potion_jar"
        },
        {
            "type": "patchouli:relations",
            "entries": [
                "ars_nouveau:machines/potion_melder",
                "ars_nouveau:machines/potion_diffuser",
                "ars_nouveau:automation/wixie_charm"
            ]
        }
    ]
}