{
    "category": "ars_nouveau:machines",
    "icon": "ars_nouveau:potion_melder",
    "name": "block.ars_nouveau.potion_melder",
    "pages": [
        {
            "type": "patchouli:text",
            "text": "ars_nouveau.page.potion_melder"
        },
        {
            "type": "ars_nouveau:apparatus_recipe",
            "recipe": "ars_nouveau:potion_melder"
        },
        {
            "type": "patchouli:relations",
            "entries": [
                "ars_nouveau:machines/potion_jar",
                "ars_nouveau:machines/potion_diffuser",
                "ars_nouveau:automation/wixie_charm"
            ]
        }
    ]
}