{
    "category": "ars_nouveau:machines",
    "icon": "ars_nouveau:storage_lectern",
    "name": "block.ars_nouveau.storage_lectern",
    "pages": [
        {
            "type": "patchouli:text",
            "text": "ars_nouveau.page1.storage_lectern"
        },
        {
            "type": "patchouli:text",
            "text": "ars_nouveau.page2.storage",
            "title": "ars_nouveau.storage"
        },
        {
            "type": "patchouli:text",
            "text": "ars_nouveau.page3.storage",
            "title": "ars_nouveau.storage_tabs"
        },
        {
            "type": "ars_nouveau:apparatus_recipe",
            "recipe": "ars_nouveau:storage_lectern"
        },
        {
            "type": "patchouli:relations",
            "entries": [
                "ars_nouveau:machines/bookwyrm_charm",
                "ars_nouveau:machines/item_detector",
                "ars_nouveau:machines/repository"
            ]
        }
    ]
}