{
    "name": "化学合成机",
    "icon": "alchemistry:combiner",
    "category": "alchemistry:combiner_category",
    "pages": [
        {
            "type": "text",
            "text": "化学合成机是一种动力机器，也许是炼金中最重要的机器。它可以让你将元素、化合物以及偶尔的其他物品组合成新物品。合成机最多可以接受4个输入物品，类似于2x2合成网格，但与合成网格不同的是，它允许每个输入槽每次制作包含多个物品。$(br2)$(o)沃伦教授的笔记:压缩器还不错，但太过简单了。我感兴趣的是我可以用这些组件做什么。我可以利用钻石的聚焦力和黑曜石的防御力，用活塞迫使这些元素组件变成更复杂的物品。"
        },
        {
            "type": "crafting",
            "recipe": "alchemistry:combiner",
            "text": "虽然合成机非常强大，但也很容易使用。要开始使用，请在合成机屏幕上选择你想要制作的物品，或使用JEI转移配方。"
        }
    ]
}