{
    "name": "烈焰守卫",
    "icon": "adventurez:stone_golem_heart",
    "category": "adventurez:mob_category",
    "pages": [
        {
            "type": "text",
            "text": "烈焰守卫可以在下界堡垒中找到，并防御任何人的进攻直到死亡。小心它的火焰爆炸攻击，它可能会杀死你。它周围的护盾保护它，但是可以被摧毁。在附近有守卫时，烈焰生成器无法正常工作"
        },
        {
            "type": "entity",
            "name": "展示",
            "entity": "adventurez:blaze_guardian",
            "offset": 0.2
        }
    ]
}