{
    "name": "真菌",
    "icon": "adventurez:stone_golem_heart",
    "category": "adventurez:mob_category",
    "pages": [
        {
            "type": "text",
            "text": "红色和褐色真菌可以在稀有的蘑菇岛上找到，通常是和平的。它们会不时地排泄出蘑菇"
        },
        {
            "type": "entity",
            "name": "展示",
            "entity": "adventurez:red_fungus"
        },
        {
            "type": "entity",
            "name": "展示",
            "entity": "adventurez:brown_fungus"
        },
        {
            "type": "empty",
            "draw_filler": false
        }
    ]
}