{
    "name": "Allthemodium矿石",
    "icon": "allthemodium:allthemodium_ore",
    "category": "allthemodium:ore",
    "sortnum": 1,
    "pages": [
        {
            "type": "spotlight",
            "item": "allthemodium:allthemodium_ore",
            "title": "Allthemodium矿石在深暗生物群系的洞穴墙壁和天花板中生成，也可以在高于170Y的山脉上方的普通生成点找到它，同时在采矿维度的Y-59和Y20之间的所有地方都可以找到它。另一个维度中的深色岩层洞穴也可以找到它。",
            "link_recipe": false,
            "text": "Allthemodium矿石在深色生物群系的洞穴墙壁和天花板中生成，您也可以在海拔170Y以上的山顶上发现它作为一种常见的生成物。它还可以在挖掘维度中的Y -59和Y 20之间的任何地方找到，也可以在其他维度的深岩层洞穴中找到。"
        }
    ]
}