{
    "name": "方块阅读器",
    "icon": "advancedperipherals:block_reader",
    "category": "advancedperipherals:peripherals",
    "pages": [
        {
            "type": "text",
            "text": "此方块能够读取其前方的方块和实体块的数据。$(p)有关完整的文档，请参阅$(9)$(l:https://docs.intelligence-modding.de/peripherals/block_reader/)官方维基页面$(/l)$()！"
        },
        {
            "type": "crafting",
            "recipe": "advancedperipherals:block_reader"
        },
        {
            "type": "multiblock",
            "multiblock": {
                "mapping": {
                    "0": "computercraft:computer_advanced",
                    "P": "advancedperipherals:block_reader",
                    "T": "minecraft:dirt"
                },
                "pattern": [
                    [
                        "0PT"
                    ]
                ]
            },
            "text": "将方块阅读器连接到计算机并瞄准方块以使用它！"
        }
    ]
}