{
    "name": "地质扫描仪",
    "icon": "advancedperipherals:geo_scanner",
    "category": "advancedperipherals:peripherals",
    "pages": [
        {
            "type": "text",
            "text": "地质扫描仪提供了有关扫描仪周围区块的方块信息。地质扫描仪在扫描之间有延迟，所以你应该做好准备。$(p)有关完整文档，请参见$(9)$(l:https://docs.intelligence-modding.de/peripherals/geo_scanner/)官方维基页面$(/l)$()！"
        },
        {
            "type": "crafting",
            "recipe": "advancedperipherals:geo_scanner"
        },
        {
            "type": "multiblock",
            "multiblock": {
                "mapping": {
                    "0": "computercraft:computer_advanced",
                    "P": "advancedperipherals:geo_scanner"
                },
                "pattern": [
                    [
                        "0P"
                    ]
                ]
            },
            "text": "将你的地质扫描仪连接到计算机上以充分利用它！"
        }
    ]
}