{
    "name": "玩家探测器",
    "icon": "advancedperipherals:player_detector",
    "category": "advancedperipherals:peripherals",
    "pages": [
        {
            "type": "text",
            "text": "玩家探测器能够识别一定范围内的玩家。此外，它还能识别点击它的玩家。$(p)有关完整文档，请参见$(9)$(l:https://docs.intelligence-modding.de/peripherals/player_detector/)官方维基页面$(/l)$()！"
        },
        {
            "type": "crafting",
            "recipe": "advancedperipherals:player_detector"
        },
        {
            "type": "multiblock",
            "multiblock": {
                "mapping": {
                    "0": "computercraft:computer_advanced",
                    "P": "advancedperipherals:player_detector"
                },
                "pattern": [
                    [
                        "0P"
                    ]
                ]
            },
            "text": "连接您的玩家探测器到电脑上以使用它！"
        }
    ]
}