{
    "name": "裂变概述",
    "icon": "alchemistry:liquifier",
    "category": "alchemistry:liquifier_category",
    "pages": [
        {
            "type": "text",
            "text": "裂解机是一种动力机器，可以将元素和化合物分解成其组成元素。$(br2)$(o)从沃伦教授的笔记中得知:炽热火焰掉落的棒子启发我制造了一台新机器。$(br2)裂变反应堆是一个5x5x5的立方体结构，具有反应堆外壳的天花板、地板和角柱。中心有三个裂变核心块。墙壁填充着反应堆外壳或反应堆玻璃。反应室完全静态，但没有裂变室控制器、能量输入和物品输入/输出块，就无法运作。"
        },
        {
            "type": "crafting",
            "recipe": "alchemistry:liquifier"
        }
    ]
}