{
    "name": "反应堆:概述",
    "icon": "alchemistry:reactor_casing",
    "category": "alchemistry:reactor_category",
    "sortnum": 0,
    "priority": true,
    "pages": [
        {
            "type": "text",
            "text": "裂变反应堆和聚变反应堆是操纵物质形成元素所必需的组件。它们是复杂的多方块机器，需要满足许多要求才能启动。$(br2)每个反应堆都需要一些这些方块:$(li) 反应炉外壳 $(li) 反应炉玻璃 $(li) 反应堆控制器 $(li) 反应堆核心 $(li) 能量输入 $(li) 物品输入 $(li) 物品输出"
        },
        {
            "type": "crafting",
            "title": "反应堆外壳",
            "recipe": "alchemistry:reactor_casing",
            "text": "反应堆外壳是反应堆结构的主体。这个外壳足以承受分裂和聚合元素的压力。制造单个反应堆需要很多这种方块。"
        },
        {
            "type": "spotlight",
            "title": "反应堆玻璃",
            "item": "alchemistry:reactor_glass",
            "text": "反应堆玻璃允许您查看反应堆内部。它是铅屏蔽的，希望能够抵挡辐射——或许吧。它们可以在合成机中制作，查看JEI获取配方。"
        },
        {
            "type": "crafting",
            "title": "反应堆能量",
            "recipe": "alchemistry:reactor_energy",
            "text": "您的反应堆需要能量——很 $(bold)多$(normal) 的能量。这个方块可以连接到能够应对挑战的能量电缆上。"
        },
        {
            "type": "crafting",
            "title": "反应堆输入",
            "recipe": "alchemistry:reactor_input",
            "text": "您可以手动将元素放入反应堆，但这有什么乐趣呢？通过将其连接到物品传输管道上，自动化您的反应堆。"
        },
        {
            "type": "crafting",
            "title": "反应堆输出",
            "recipe": "alchemistry:reactor_output",
            "text": "与反应堆输入相同，但是方向相反。"
        }
    ]
}