{
    "category": "ars_nouveau:automation",
    "icon": "ars_nouveau:starbuncle_charm",
    "name": "item.ars_nouveau.starbuncle_charm",
    "pages": [
        {
            "type": "patchouli:text",
            "text": "ars_nouveau.page1.starbuncle_charm"
        },
        {
            "type": "ars_nouveau:apparatus_recipe",
            "recipe": "ars_nouveau:starbuncle_charm"
        },
        {
            "type": "patchouli:entity",
            "entity": "ars_nouveau:starbuncle",
            "text": "ars_nouveau.page2.starbuncle_charm"
        },
        {
            "type": "patchouli:text",
            "text": "ars_nouveau.page3.starbuncle_charm",
            "title": "ars_nouveau.summoning"
        },
        {
            "type": "patchouli:text",
            "text": "ars_nouveau.page4.starbuncle_charm",
            "title": "ars_nouveau.item_transport"
        },
        {
            "type": "patchouli:text",
            "text": "ars_nouveau.page5.starbuncle_charm",
            "title": "ars_nouveau.filtering"
        },
        {
            "type": "patchouli:text",
            "text": "ars_nouveau.page6.starbuncle_charm",
            "title": "ars_nouveau.pathing"
        },
        {
            "type": "patchouli:text",
            "text": "ars_nouveau.page7.starbuncle_charm",
            "title": "ars_nouveau.starbuncle_bed"
        },
        {
            "type": "patchouli:relations",
            "entries": [
                "ars_nouveau:automation/deny_scroll",
                "ars_nouveau:automation/mimic_scroll",
                "ars_nouveau:automation/allow_scroll",
                "ars_nouveau:automation/dominion_wand",
                "ars_nouveau:machines/storage_lectern",
                "ars_nouveau:automation/starbuncle_shades",
                "ars_nouveau:automation/wixie_hat",
                "ars_nouveau:automation/summon_bed"
            ]
        }
    ]
}