{
    "category": "ars_nouveau:automation",
    "icon": "ars_elemental:firenando_charm",
    "name": "item.ars_elemental.firenando_charm",
    "pages": [
        {
            "type": "patchouli:text",
            "text": "ars_elemental.page1.fire_golem"
        },
        {
            "type": "patchouli:entity",
            "entity": "ars_elemental:firenando_entity"
        },
        {
            "type": "ars_nouveau:apparatus_recipe",
            "recipe": "ars_elemental:firenando_charm"
        }
    ]
}