{
    "name": "镀金盔甲",
    "icon": "adventurez:stone_golem_chestplate",
    "category": "adventurez:item_category",
    "pages": [
        {
            "type": "text",
            "title": "镀金下界合金盔甲",
            "text": "在锻造台上给下界合金盔甲添加鍍金。可以通过击败黑石傀儡获取鍍金下界合金碎片"
        },
        {
            "type": "smithing",
            "title": "锻造",
            "recipe": "adventurez:stone_golem_helmet",
            "recipe2": "adventurez:stone_golem_chestplate"
        },
        {
            "type": "smithing",
            "title": "锻造",
            "recipe": "adventurez:stone_golem_leggings",
            "recipe2": "adventurez:stone_golem_boots"
        },
        {
            "type": "empty",
            "draw_filler": false
        }
    ]
}