{
    "name": "鍍金碎片",
    "icon": "adventurez:gilded_stone",
    "category": "adventurez:item_category",
    "pages": [
        {
            "type": "spotlight",
            "item": "adventurez:gilded_stone",
            "link_recipe": false,
            "text": "鍍金碎片可以在下界堡垒中找到，也可以从猪灵蛮兵处获取。通过与猪灵交易也可以得到一些鍍金碎片"
        },
        {
            "type": "empty",
            "draw_filler": false
        }
    ]
}