{
    "name": "末影自动核心",
    "icon": "advancedperipherals:end_automata_core",
    "category": "advancedperipherals:metaphysics",
    "advancement": "advancedperipherals:weak_automata_core",
    "pages": [
        {
            "type": "spotlight",
            "title": "末影自动核心",
            "item": "advancedperipherals:end_automata_core",
            "text": "消耗10个末影人后，弱化自动机核将转化为末影自动机核！$(p)除了比弱化自动机核更强大的变体外，这个灵魂似乎还为海龟本身提供了一些有限的传送能力。"
        },
        {
            "type": "link",
            "text": "除了弱化自动机核的能力，这个灵魂还允许有限制的绑定世界传送。看起来，你需要存储点，然后传送到它们！$(p)但要注意，任何存储点都将在海龟被破坏后丢失。",
            "url": "https://docs.intelligence-modding.de/metaphysics/end_automata/",
            "link_text": "API documentation"
        }
    ]
}