{
    "name": "Allthemodium胡萝卜",
    "icon": "allthemodium:allthemodium_carrot",
    "category": "allthemodium:food",
    "pages": [
        {
            "type": "crafting",
            "recipe": "allthemodium:allthemodium_carrot",
            "title": "Allthemodium胡萝卜"
        },
        {
            "type": "text",
            "text": "Allthemodium胡萝卜提供40饱食度和320饱和度。胡萝卜具有以下效果:$(li)吃得快$(li)随时可以吃$(li)30秒内吸收X级伤害$(li)30秒内回复X级生命值"
        }
    ]
}