{
    "name": "冷却时间和燃料",
    "icon": "minecraft:coal",
    "category": "advancedperipherals:metaphysics",
    "advancement": "advancedperipherals:weak_automata_core",
    "priority": true,
    "pages": [
        {
            "type": "text",
            "text": "所有改变世界的操作都将消耗海龟燃料（当然，如果你没有在CC:Tweaked配置中禁用燃料使用）。$(p)此外，大多数操作都有冷却时间，因此你应该在代码中考虑这一点。幸运的是，每个活动的冷却时间都可以通过外设方法接收到。"
        },
        {
            "type": "text",
            "text": "你认为冷却时间太长了吗？这时燃料消耗速率就派上用场了！$(p)较大的燃料消耗速率将减少冷却时间，但明显会增加燃料消耗。举个例子，点击操作需要1个燃料点执行，并且有5秒的冷却时间，使用燃料消耗2，你可以在2.5秒内执行一次点击操作，但是需要消耗2个燃料点。"
        },
        {
            "type": "text",
            "text": "然而，燃料消耗速率并不是那么简单！每个自动机核心都有最大燃料消耗限制，可以通过$(l) getConfiguration$()方法检索到。$(p)此外，燃料点的增长速度要快于冷却时间的降低。燃料消耗3将需要4个燃料点，燃料消耗4将需要燃料点，等等。"
        }
    ]
}