{
    "name": "弱自动机核心",
    "icon": "advancedperipherals:weak_automata_core",
    "category": "advancedperipherals:metaphysics",
    "pages": [
        {
            "type": "spotlight",
            "title": "弱自动机核心",
            "item": "advancedperipherals:weak_automata_core",
            "text": "弱自动机核心是海龟升级，可将海龟转变为强大的自动机！"
        },
        {
            "type": "crafting",
            "recipe": "advancedperipherals:weak_automata_core"
        },
        {
            "type": "link",
            "text": "它为海龟提供了几种能力。$(li)使用工具挖掘方块;$(li)使用物品或空手点击方块;$(li)吸附周围的物品，全部或指定;$(li)检测周围的物品;$(li)检测视线中的方块或海龟;$(li)用库存中的RF物品给海龟充电",
            "url": "https://docs.intelligence-modding.de/metaphysics/weak_automata/",
            "link_text": "API documentation"
        },
        {
            "type": "text",
            "text": "但弱核只是形而上学研究的开始！它是可以接收生物碎片的空构造体。似乎你需要尝试喂不同的生物以获取高级品种.$(li)$(l:metaphysics/end_automata_core)末端自动机核心$(li)$(l:metaphysics/husbandry_automata_core)畜牧自动机核心"
        }
    ]
}