{
    "name": "振金矿石",
    "icon": "allthemodium:vibranium_ore",
    "category": "allthemodium:ore",
    "sortnum": 2,
    "pages": [
        {
            "type": "spotlight",
            "item": "allthemodium:vibranium_ore",
            "title": "振金矿石可以在地狱中的Y 64以上找到。它还可以在The Other维度的深层洞穴中找到。",
            "link_recipe": false,
            "text": "Vibranium矿石可以在Nether中发现，在Y 64以上。它也可以在其他维度的深处洞穴中发现。"
        }
    ]
}