{
    "category": "ars_nouveau:machines",
    "icon": "ars_nouveau:mob_jar",
    "name": "ars_nouveau.page.mob_jar",
    "pages": [
        {
            "type": "patchouli:text",
            "text": "ars_nouveau.page1.mob_jar"
        },
        {
            "type": "patchouli:text",
            "text": "ars_nouveau.page2.mob_jar",
            "title": "ars_nouveau.title.mob_jar"
        },
        {
            "type": "patchouli:entity",
            "entity": "minecraft:villager",
            "text": "mob_jar.villager"
        },
        {
            "type": "patchouli:entity",
            "entity": "minecraft:piglin",
            "text": "mob_jar.piglin"
        },
        {
            "type": "patchouli:text",
            "text": "mob_jar.allay",
            "title": "mob_jar.allay.title"
        },
        {
            "type": "patchouli:entity",
            "entity": "minecraft:allay"
        },
        {
            "type": "patchouli:entity",
            "entity": "minecraft:ender_dragon",
            "text": "mob_jar.ender_dragon"
        },
        {
            "type": "patchouli:entity",
            "entity": "minecraft:sheep",
            "text": "mob_jar.sheep"
        },
        {
            "type": "patchouli:entity",
            "entity": "minecraft:chicken",
            "text": "mob_jar.chicken"
        },
        {
            "type": "patchouli:entity",
            "entity": "minecraft:cow",
            "text": "mob_jar.cow"
        },
        {
            "type": "patchouli:entity",
            "entity": "minecraft:mooshroom",
            "text": "mob_jar.mooshroom"
        },
        {
            "type": "patchouli:entity",
            "entity": "minecraft:pufferfish",
            "text": "mob_jar.pufferfish"
        },
        {
            "type": "patchouli:entity",
            "entity": "minecraft:frog",
            "text": "mob_jar.frog"
        },
        {
            "type": "patchouli:entity",
            "entity": "minecraft:panda",
            "text": "mob_jar.panda"
        },
        {
            "type": "patchouli:entity",
            "entity": "ars_nouveau:dummy",
            "text": "mob_jar.dummy"
        },
        {
            "type": "patchouli:crafting",
            "recipe": "ars_nouveau:mob_jar"
        },
        {
            "type": "patchouli:relations",
            "entries": [
                "ars_nouveau:rituals/ritual_containment",
                "ars_nouveau:automation/drygmy_charm"
            ]
        }
    ]
}