{
    "category": "ars_nouveau:mod_news",
    "icon": "ars_nouveau:starbuncle_charm",
    "name": "ars_nouveau.page.support_mod",
    "pages": [
        {
            "type": "patchouli:link",
            "link_text": "ars_nouveau.patreon_text",
            "text": "ars_nouveau.patreon",
            "url": "https://www.patreon.com/arsnouveau"
        },
        {
            "type": "patchouli:entity",
            "entity": "ars_nouveau:lily",
            "text": "ars_nouveau.lily"
        },
        {
            "type": "patchouli:link",
            "link_text": "ars_nouveau.store_text",
            "text": "ars_nouveau.store",
            "url": "https://www.redbubble.com/people/Gootastic/explore?page=1&sortOrder=recent"
        }
    ]
}