{
    "category": "ars_nouveau:resources",
    "icon": "ars_nouveau:ghostweave",
    "name": "ars_nouveau.page.illusion_blocks",
    "pages": [
        {
            "type": "patchouli:text",
            "text": "ars_nouveau.page1.illusion_blocks"
        },
        {
            "type": "patchouli:crafting",
            "recipe": "ars_nouveau:mirrorweave"
        },
        {
            "type": "patchouli:text",
            "text": "ars_nouveau.page2.illusion_blocks"
        },
        {
            "type": "patchouli:crafting",
            "recipe": "ars_nouveau:falseweave"
        },
        {
            "type": "patchouli:text",
            "text": "ars_nouveau.page3.illusion_blocks"
        },
        {
            "type": "patchouli:crafting",
            "recipe": "ars_nouveau:ghostweave"
        },
        {
            "type": "patchouli:text",
            "text": "ars_nouveau.page4.illusion_blocks"
        },
        {
            "type": "patchouli:crafting",
            "recipe": "ars_nouveau:sky_block"
        }
    ]
}