{
    "category": "ars_nouveau:source",
    "icon": "ars_nouveau:volcanic_sourcelink",
    "name": "block.ars_nouveau.volcanic_sourcelink",
    "pages": [
        {
            "type": "patchouli:text",
            "text": "ars_nouveau.page1.volcanic_sourcelink"
        },
        {
            "type": "patchouli:text",
            "text": "ars_nouveau.page2.volcanic_sourcelink",
            "title": "ars_nouveau.active_generation"
        },
        {
            "type": "patchouli:text",
            "text": "ars_nouveau.page3.volcanic_sourcelink",
            "title": "ars_nouveau.heat"
        },
        {
            "type": "patchouli:crafting",
            "recipe": "ars_nouveau:volcanic_sourcelink"
        },
        {
            "type": "patchouli:text",
            "text": "ars_nouveau.page4.volcanic_sourcelink"
        }
    ]
}