{
    "name": "传送垫",
    "icon": "allthemodium:teleport_pad",
    "category": "allthemodium:dimensions",
    "sortnum": 1,
    "pages": [
        {
            "type": "crafting",
            "recipe": "allthemodium:teleport_pad"
        },
        {
            "type": "text",
            "text": "传送垫用于传送到$(l:dimensions/miningdim)采矿维度$(/c)和$(l:dimensions/otherdim)其他维度$(/c)，您需要用空手和离手均按下Shift+右键。$(br2) 请注意，在ATM6:To The Sky包中禁用了$(l:dimensions/miningdim)采矿维度$(/c)。"
        }
    ]
}