{
    "name": "末影鲸",
    "icon": "adventurez:stone_golem_heart",
    "category": "adventurez:mob_category",
    "pages": [
        {
            "type": "text",
            "text": "末影鲸是友善的生物，在虚空中飞行。它们可以被骑乘，甚至可以和朋友一起骑乘，并且可以用末影笛召唤。获得异变木果并制作末影木果棒以控制它们的方向"
        },
        {
            "type": "entity",
            "name": "展示",
            "entity": "adventurez:ender_whale",
            "rotate": false,
            "default_rotation": 25.0,
            "scale": 0.6,
            "offset": -0.3
        },
        {
            "type": "spotlight",
            "item": "adventurez:ender_flute",
            "link_recipe": true,
            "text": "末影笛是一种古老的乐器，用于召唤末影鲸一起游玩"
        },
        {
            "type": "crafting",
            "recipe": "adventurez:ender_flute"
        },
        {
            "type": "spotlight",
            "item": "adventurez:chorus_fruit_on_a_stick",
            "link_recipe": true,
            "text": "末影木果棒是一种简单的木棍，用于控制末影鲸。因为它们喜欢吃这些水果"
        },
        {
            "type": "crafting",
            "recipe": "adventurez:chorus_fruit_on_a_stick"
        }
    ]
}