{
    "name": "长毛象",
    "icon": "adventurez:stone_golem_heart",
    "category": "adventurez:mob_category",
    "pages": [
        {
            "type": "text",
            "text": "长毛象是友善的生物，有些人说它们已经灭绝了。它们可以通过草来繁殖，并在非常寒冷的环境中找到。"
        },
        {
            "type": "entity",
            "name": "展示",
            "entity": "adventurez:mammoth",
            "scale": 0.8
        }
    ]
}