{
    "name": "灵魂收割者",
    "icon": "adventurez:stone_golem_heart",
    "category": "adventurez:mob_category",
    "pages": [
        {
            "type": "text",
            "text": "灵魂收割者比任何其他凋零骷髅都要致命。用腐蚀箭射击你或用下界合金剑把你劈成两半，它做好了一切准备。通常它会骑上恶夢加速行动，你会在灵魂沙谷中找到它。"
        },
        {
            "type": "entity",
            "name": "展示",
            "entity": "adventurez:soul_reaper"
        }
    ]
}