{
    "name": "眼",
    "icon": "adventurez:stone_golem_heart",
    "category": "adventurez:mob_category",
    "pages": [
        {
            "type": "text",
            "text": "前所未见，眼会耗尽你所有的能量，直到你成为一具死尸。它可以在祭坛上召唤。如果安装了VoidZ，它将生成一个通往虚空阴影维度的传送门。"
        },
        {
            "type": "entity",
            "name": "展示",
            "entity": "adventurez:the_eye",
            "offset": 0.6
        }
    ]
}