{
    "name": "原始之眼",
    "icon": "adventurez:prime_eye",
    "category": "adventurez:item_category",
    "pages": [
        {
            "type": "spotlight",
            "item": "adventurez:prime_eye",
            "text": "原始之眼是遗物之一，可以被眼掉落。在砂轮上使用末影珍珠填充它，这样当你扔出它时，它对你造成的伤害会减少"
        },
        {
            "type": "empty",
            "draw_filler": false
        }
    ]
}