{
    "name": "傀儡手臂",
    "icon": "adventurez:stone_golem_arm",
    "category": "adventurez:item_category",
    "pages": [
        {
            "type": "spotlight",
            "item": "adventurez:stone_golem_arm",
            "link_recipe": true,
            "text": "黑石傀儡的手臂是一种武器，使用黑石傀儡之心制作，可以解锁向敌人投掷石头的能力。通过右键长按充能，直至它变红，然后释放按钮投掷石头"
        },
        {
            "type": "crafting",
            "recipe": "adventurez:stone_golem_arm"
        }
    ]
}