{
    "name": "石傀儡之心",
    "icon": "adventurez:stone_golem_heart",
    "category": "adventurez:item_category",
    "pages": [
        {
            "type": "spotlight",
            "item": "adventurez:stone_golem_heart",
            "link_recipe": false,
            "text": "石傀儡之心是黑石傀儡的BOSS掉落物品，可用于三种不同的用途。它是制作石傀儡手臂的材料，可以用它来增强自身，或将其用于升级铁傀儡，让它变得更强大！"
        },
        {
            "type": "empty",
            "draw_filler": false
        }
    ]
}