{
    "name": "口袋电脑插件",
    "icon": "computercraft:pocket_computer_advanced",
    "category": "advancedperipherals:items",
    "pages": [
        {
            "type": "text",
            "text": "我们为以下外围设备提供了口袋电脑升级:$(li)$(9)$(l:peripherals/environment_detector)环境检测器$(/l)$()$(li)$(9)$(l:peripherals/player_detector)玩家检测器$(/l)$()$(li)$(9)$(l:peripherals/chat_box)聊天框$(/l)$()$(p)有关完整文档，请查看$(9)$(l:https://docs.intelligence-modding.de/items/pocket_computer/)官方维基页面$(/l)$()！"
        },
        {
            "type": "text",
            "text": "只需将它们与口袋电脑组合使用，即可将外围设备添加到其中。请注意，您无法使用相关事件。"
        }
    ]
}