{
    "name": "液态原子化机",
    "icon": "alchemistry:atomizer",
    "category": "alchemistry:atomizer_category",
    "pages": [
        {
            "type": "text",
            "text": "原子化机是一种动力机器，用于将液体转变为其等效的炼金元素或化合物。$(br)$(o)沃伦教授的笔记:液体是最简单分解的东西。只需使用活塞将它们从铸造锅中排出，它们就变成了易于存储的原子药水瓶。"
        },
        {
            "type": "crafting",
            "recipe": "alchemistry:atomizer"
        }
    ]
}